{
  "0": {
    "precision": 0.6811594202898551,
    "recall": 0.5595238095238095,
    "f1-score": 0.6143790849673203,
    "support": 84.0
  },
  "1": {
    "precision": 0.7175572519083969,
    "recall": 0.8103448275862069,
    "f1-score": 0.7611336032388664,
    "support": 116.0
  },
  "accuracy": 0.705,
  "macro avg": {
    "precision": 0.699358336099126,
    "recall": 0.6849343185550082,
    "f1-score": 0.6877563441030934,
    "support": 200.0
  },
  "weighted avg": {
    "precision": 0.7022701626286093,
    "recall": 0.705,
    "f1-score": 0.6994967055648169,
    "support": 200.0
  }
}