{
  "metrics_file": "models\\eval_results\\metrics.json",
  "classification_report_file": "models\\eval_results\\classification_report.json",
  "confusion_matrix_file": "models\\eval_results\\confusion_matrix.png",
  "roc_curve_file": "models\\eval_results\\roc_curve.png",
  "pr_curve_file": "models\\eval_results\\pr_curve.png",
  "feature_importances_file": "models\\eval_results\\feature_importances.csv",
  "metadata": {
    "features": [
      "age",
      "gender",
      "chestpain",
      "restingBP",
      "serumcholestrol",
      "fastingbloodsugar",
      "restingrelectro",
      "maxheartrate",
      "exerciseangia",
      "oldpeak",
      "slope",
      "noofmajorvessels"
    ],
    "numeric_features": [
      "age",
      "restingBP",
      "serumcholestrol",
      "maxheartrate",
      "oldpeak"
    ],
    "categorical_features": [
      "gender",
      "chestpain",
      "fastingbloodsugar",
      "restingrelectro",
      "exerciseangia",
      "slope",
      "noofmajorvessels"
    ],
    "target": "target",
    "model_name": "catboost",
    "cv_results": {
      "xgboost": {
        "roc_auc": 0.8832396580635062,
        "accuracy": 0.807087699944843,
        "precision": 0.8192777527865246,
        "recall": 0.8402288467329118,
        "f1": 0.8286976221541394
      },
      "lightgbm": {
        "roc_auc": 0.8861441634747866,
        "accuracy": 0.8166482809339953,
        "precision": 0.827772532201682,
        "recall": 0.8500150557061126,
        "f1": 0.8374013907396206
      },
      "catboost": {
        "roc_auc": 0.8906010069424702,
        "accuracy": 0.8125482625482625,
        "precision": 0.8327785821507276,
        "recall": 0.8304125263474857,
        "f1": 0.8307042669320243
      },
      "random_forest": {
        "roc_auc": 0.8840483074087411,
        "accuracy": 0.8098179812465528,
        "precision": 0.8267592163933628,
        "recall": 0.835350797952424,
        "f1": 0.829834592636241
      },
      "svm": {
        "roc_auc": 0.8867369336475027,
        "accuracy": 0.80711527854385,
        "precision": 0.8308045770232994,
        "recall": 0.8206263173742849,
        "f1": 0.8249743137441271
      },
      "knn": {
        "roc_auc": 0.8861297570240658,
        "accuracy": 0.8125298768155911,
        "precision": 0.8518947070179946,
        "recall": 0.8009936766034327,
        "f1": 0.8254734002192172
      }
    },
    "clinical_standard": "UCI-1-indexed",
    "background_data": [
      {
        "age": 53.0,
        "gender": 1.0,
        "chestpain": 3.0,
        "restingBP": 160.0,
        "serumcholestrol": 0.0,
        "fastingbloodsugar": null,
        "restingrelectro": 2.0,
        "maxheartrate": 122.0,
        "exerciseangia": 1.0,
        "oldpeak": 0.0,
        "slope": null,
        "noofmajorvessels": null
      },
      {
        "age": 74.0,
        "gender": 1.0,
        "chestpain": 3.0,
        "restingBP": null,
        "serumcholestrol": 0.0,
        "fastingbloodsugar": 0.0,
        "restingrelectro": 0.0,
        "maxheartrate": null,
        "exerciseangia": null,
        "oldpeak": null,
        "slope": null,
        "noofmajorvessels": null
      },
      {
        "age": 53.0,
        "gender": 1.0,
        "chestpain": 4.0,
        "restingBP": 124.0,
        "serumcholestrol": 243.0,
        "fastingbloodsugar": 0.0,
        "restingrelectro": 0.0,
        "maxheartrate": 122.0,
        "exerciseangia": 1.0,
        "oldpeak": 2.0,
        "slope": 2.0,
        "noofmajorvessels": null
      },
      {
        "age": 61.0,
        "gender": 1.0,
        "chestpain": 4.0,
        "restingBP": 140.0,
        "serumcholestrol": 207.0,
        "fastingbloodsugar": 0.0,
        "restingrelectro": 2.0,
        "maxheartrate": 138.0,
        "exerciseangia": 1.0,
        "oldpeak": 1.9,
        "slope": 1.0,
        "noofmajorvessels": 1.0
      },
      {
        "age": 56.0,
        "gender": 1.0,
        "chestpain": 3.0,
        "restingBP": 155.0,
        "serumcholestrol": 0.0,
        "fastingbloodsugar": 0.0,
        "restingrelectro": 1.0,
        "maxheartrate": 99.0,
        "exerciseangia": 0.0,
        "oldpeak": 0.0,
        "slope": 2.0,
        "noofmajorvessels": null
      },
      {
        "age": 40.0,
        "gender": 1.0,
        "chestpain": 3.0,
        "restingBP": 140.0,
        "serumcholestrol": null,
        "fastingbloodsugar": 0.0,
        "restingrelectro": 0.0,
        "maxheartrate": 188.0,
        "exerciseangia": 0.0,
        "oldpeak": 0.0,
        "slope": null,
        "noofmajorvessels": null
      },
      {
        "age": 51.0,
        "gender": 1.0,
        "chestpain": 4.0,
        "restingBP": null,
        "serumcholestrol": 227.0,
        "fastingbloodsugar": 1.0,
        "restingrelectro": 1.0,
        "maxheartrate": null,
        "exerciseangia": null,
        "oldpeak": null,
        "slope": null,
        "noofmajorvessels": null
      },
      {
        "age": 54.0,
        "gender": 1.0,
        "chestpain": 4.0,
        "restingBP": null,
        "serumcholestrol": 0.0,
        "fastingbloodsugar": 0.0,
        "restingrelectro": 1.0,
        "maxheartrate": null,
        "exerciseangia": null,
        "oldpeak": null,
        "slope": null,
        "noofmajorvessels": null
      },
      {
        "age": 52.0,
        "gender": 1.0,
        "chestpain": 4.0,
        "restingBP": 160.0,
        "serumcholestrol": 246.0,
        "fastingbloodsugar": 0.0,
        "restingrelectro": 1.0,
        "maxheartrate": 82.0,
        "exerciseangia": 1.0,
        "oldpeak": 4.0,
        "slope": 2.0,
        "noofmajorvessels": null
      },
      {
        "age": 67.0,
        "gender": 1.0,
        "chestpain": 4.0,
        "restingBP": 120.0,
        "serumcholestrol": 229.0,
        "fastingbloodsugar": 0.0,
        "restingrelectro": 2.0,
        "maxheartrate": 129.0,
        "exerciseangia": 1.0,
        "oldpeak": 2.6,
        "slope": 2.0,
        "noofmajorvessels": 2.0
      },
      {
        "age": 58.0,
        "gender": 1.0,
        "chestpain": 3.0,
        "restingBP": 112.0,
        "serumcholestrol": 230.0,
        "fastingbloodsugar": 0.0,
        "restingrelectro": 2.0,
        "maxheartrate": 165.0,
        "exerciseangia": 0.0,
        "oldpeak": 2.5,
        "slope": 2.0,
        "noofmajorvessels": 1.0
      },
      {
        "age": 46.0,
        "gender": 0.0,
        "chestpain": 2.0,
        "restingBP": 105.0,
        "serumcholestrol": 204.0,
        "fastingbloodsugar": 0.0,
        "restingrelectro": 0.0,
        "maxheartrate": 172.0,
        "exerciseangia": 0.0,
        "oldpeak": 0.0,
        "slope": 1.0,
        "noofmajorvessels": 0.0
      },
      {
        "age": 62.0,
        "gender": 1.0,
        "chestpain": 4.0,
        "restingBP": 115.0,
        "serumcholestrol": 0.0,
        "fastingbloodsugar": null,
        "restingrelectro": 0.0,
        "maxheartrate": 72.0,
        "exerciseangia": 1.0,
        "oldpeak": -0.5,
        "slope": 2.0,
        "noofmajorvessels": null
      },
      {
        "age": 48.0,
        "gender": 1.0,
        "chestpain": 2.0,
        "restingBP": 100.0,
        "serumcholestrol": null,
        "fastingbloodsugar": 0.0,
        "restingrelectro": 0.0,
        "maxheartrate": 100.0,
        "exerciseangia": 0.0,
        "oldpeak": 0.0,
        "slope": null,
        "noofmajorvessels": null
      },
      {
        "age": 60.0,
        "gender": 1.0,
        "chestpain": 4.0,
        "restingBP": 100.0,
        "serumcholestrol": 248.0,
        "fastingbloodsugar": 0.0,
        "restingrelectro": 0.0,
        "maxheartrate": 125.0,
        "exerciseangia": 0.0,
        "oldpeak": 1.0,
        "slope": 2.0,
        "noofmajorvessels": null
      },
      {
        "age": 54.0,
        "gender": 1.0,
        "chestpain": 3.0,
        "restingBP": 120.0,
        "serumcholestrol": 237.0,
        "fastingbloodsugar": 0.0,
        "restingrelectro": 0.0,