feature,importance
num__oldpeak,0.028804347826086936
num__serumcholestrol,0.013043478260869535
cat__chestpain_4,0.0005434782608695343
cat__gender_1,-0.0027173913043478546
num__maxheartrate,-0.014673913043478277
num__restingBP,-0.015217391304347844
num__age,-0.018478260869565243
cat__fastingbloodsugar_0,-0.020108695652173946
cat__chestpain_2,-0.0222826086956522
cat__gender_0,-0.030434782608695678
cat__chestpain_3,-0.0440217391304348
cat__chestpain_1,-0.05054347826086959
