{
  "accuracy": 0.705,
  "precision": 0.7175572519083969,
  "recall": 0.8103448275862069,
  "f1": 0.7611336032388664,
  "roc_auc": 0.7716543513957306,
  "n_test": 200
}