model,accuracy,precision,recall,f1,roc_auc,avg_precision,n_samples
best_model_pipeline,0.705,0.7175572519083969,0.8103448275862069,0.7611336032388664,0.7716543513957306,0.8356577706394429,200
