{
  "model": "catboost",
  "best_score": 0.8906010069424702,
  "best_params": {
    "bagging_temperature": 0.8782206674791923,
    "depth": 5,
    "iterations": 547,
    "l2_leaf_reg": 6.373449640506147,
    "learning_rate": 0.014436948406060326,
    "random_strength": 4.981651866458929,
    "smote": "SMOTE"
  }
}