{
  "xgboost": {
    "roc_auc": 0.8832396580635062,
    "accuracy": 0.807087699944843,
    "precision": 0.8192777527865246,
    "recall": 0.8402288467329118,
    "f1": 0.8286976221541394
  },
  "lightgbm": {
    "roc_auc": 0.8861441634747866,
    "accuracy": 0.8166482809339953,
    "precision": 0.827772532201682,
    "recall": 0.8500150557061126,
    "f1": 0.8374013907396206
  },
  "catboost": {
    "roc_auc": 0.8906010069424702,
    "accuracy": 0.8125482625482625,
    "precision": 0.8327785821507276,
    "recall": 0.8304125263474857,
    "f1": 0.8307042669320243
  },
  "random_forest": {
    "roc_auc": 0.8840483074087411,
    "accuracy": 0.8098179812465528,
    "precision": 0.8267592163933628,
    "recall": 0.835350797952424,
    "f1": 0.829834592636241
  },
  "svm": {
    "roc_auc": 0.8867369336475027,
    "accuracy": 0.80711527854385,
    "precision": 0.8308045770232994,
    "recall": 0.8206263173742849,
    "f1": 0.8249743137441271
  },
  "knn": {
    "roc_auc": 0.8861297570240658,
    "accuracy": 0.8125298768155911,
    "precision": 0.8518947070179946,
    "recall": 0.8009936766034327,
    "f1": 0.8254734002192172
  }
}