{
  "xgboost": {
    "fit_time": [
      0.09593653678894043,
      0.09093308448791504,
      0.09093308448791504,
      0.08739066123962402,
      0.09138250350952148
    ],
    "score_time": [
      0.04571819305419922,
      0.04506826400756836,
      0.04275035858154297,
      0.04405665397644043,
      0.04416775703430176
    ],
    "test_roc_auc": [
      0.8593865484109386,
      0.8572232645403378,
      0.9046015712682378,
      0.8847736625514403,
      0.9102132435465768
    ],
    "test_accuracy": [
      0.7905405405405406,
      0.7619047619047619,
      0.8299319727891157,
      0.8231292517006803,
      0.8299319727891157
    ],
    "test_precision": [
      0.7802197802197802,
      0.7582417582417582,
      0.85,
      0.8395061728395061,
      0.868421052631579
    ],
    "test_recall": [
      0.8658536585365854,
      0.8414634146341463,
      0.8395061728395061,
      0.8395061728395061,
      0.8148148148148148
    ],
    "test_f1": [
      0.8208092485549133,
      0.7976878612716763,
      0.84472049689441,
      0.8395061728395061,
      0.8407643312101911
    ]
  },
  "lightgbm": {
    "fit_time": [
      0.07449030876159668,
      0.07248353958129883,
      0.08517765998840332,
      0.07649731636047363,
      0.07906627655029297
    ],
    "score_time": [
      0.03959512710571289,
      0.029386281967163086,
      0.039272308349609375,
      0.041352033615112305,
      0.03878307342529297
    ],
    "test_roc_auc": [
      0.8554138950480413,
      0.8806754221388368,
      0.9037598204264871,
      0.8793490460157126,
      0.9115226337448559
    ],
    "test_accuracy": [
      0.7635135135135135,
      0.8163265306122449,
      0.8367346938775511,
      0.8231292517006803,
      0.8435374149659864
    ],
    "test_precision": [
      0.7526881720430108,
      0.8021978021978022,
      0.8607594936708861,
      0.8313253012048193,
      0.8918918918918919
    ],
    "test_recall": [
      0.8536585365853658,
      0.8902439024390244,
      0.8395061728395061,
      0.8518518518518519,
      0.8148148148148148
    ],
    "test_f1": [
      0.8,
      0.8439306358381503,
      0.85,
      0.8414634146341463,
      0.8516129032258064
    ]
  },
  "catboost": {
    "fit_time": [
      1.2982194423675537,
      1.2982194423675537,
      1.2982194423675537,
      1.2982194423675537,
      1.2982194423675537
    ],
    "score_time": [
      0.027855634689331055,
      0.027855634689331055,
      0.027855634689331055,
      0.027855634689331055,
      0.027855634689331055
    ],
    "test_roc_auc": [
      0.8531042128603105,
      0.8793621013133207,
      0.9118967452300785,
      0.8943135054246165,
      0.9143284698840254
    ],
    "test_accuracy": [
      0.777027027027027,
      0.8027210884353742,
      0.8503401360544217,
      0.8163265306122449,
      0.8163265306122449
    ],
    "test_precision": [
      0.7816091954022989,
      0.8045977011494253,
      0.8734177215189873,
      0.8292682926829268,
      0.875
    ],
    "test_recall": [
      0.8292682926829268,
      0.8536585365853658,
      0.8518518518518519,
      0.8395061728395061,
      0.7777777777777778
    ],
    "test_f1": [
      0.8047337278106509,
      0.8284023668639053,
      0.8625,
      0.8343558282208589,
      0.8235294117647058
    ]
  },
  "random_forest": {
    "fit_time": [
      1.2835166454315186,
      1.2835166454315186,
      1.2987017631530762,
      1.2849643230438232,
      1.2397429943084717
    ],
    "score_time": [
      0.2555675506591797,
      0.2555675506591797,
      0.26918697357177734,
      0.25009989738464355,
      0.2761104106903076
    ],
    "test_roc_auc": [
      0.8507021433850702,
      0.8598499061913696,
      0.9104002992891881,
      0.8881406659184437,
      0.9111485222596334
    ],
    "test_accuracy": [
      0.7837837837837838,
      0.7619047619047619,
      0.8571428571428571,
      0.8299319727891157,
      0.8163265306122449
    ],
    "test_precision": [
      0.7840909090909091,
      0.7582417582417582,
      0.875,
      0.8414634146341463,
      0.875
    ],
    "test_recall": [
      0.8414634146341463,
      0.8414634146341463,
      0.8641975308641975,
      0.8518518518518519,
      0.7777777777777778
    ],
    "test_f1": [
      0.8117647058823529,
      0.7976878612716763,
      0.8695652173913043,
      0.8466257668711656,
      0.8235294117647058
    ]
  },
  "svm": {
    "fit_time": [
      0.10500264167785645,
      0.10500264167785645,
      0.07702279090881348,
      0.09322309494018555,
      0.07371282577514648
    ],
    "score_time": [
      0.032886505126953125,
      0.03943490982055664,
      0.06170177459716797,
      0.02483367919921875,
      0.05132341384887695
    ],
    "test_roc_auc": [
      0.8545824094604583,
      0.8675422138836772,
      0.9057239057239057,
      0.8933782267115601,
      0.9124579124579125
    ],
    "test_accuracy": [
      0.7702702702702703,
      0.7891156462585034,
      0.8367346938775511,
      0.8231292517006803,
      0.8163265306122449
    ],
    "test_precision": [
      0.7790697674418605,
      0.8,
      0.8518518518518519,
      0.8481012658227848,
      0.875
    ],
    "test_recall": [
      0.8170731707317073,
      0.8292682926829268,
      0.8518518518518519,
      0.8271604938271605,
      0.7777777777777778
    ],
    "test_f1": [
      0.7976190476190477,
      0.8143712574850299,
      0.8518518518518519,
      0.8375,
      0.8235294117647058
    ]
  },
  "knn": {
    "fit_time": [
      0.032880544662475586,
      0.032880544662475586,
      0.032880544662475586,
      0.032880544662475586,
      0.032880544662475586
    ],
    "score_time": [
      0.04161548614501953,
      0.04161548614501953,
      0.04161548614501953,
      0.04161548614501953,
      0.031064748764038086
    ],
    "test_roc_auc": [
      0.8379526977087952,
      0.8783302063789868,
      0.9143284698840253,
      0.8999251777029554,
      0.9001122334455667
    ],
    "test_accuracy": [
      0.7905405405405406,
      0.8027210884353742,
      0.8503401360544217,
      0.8095238095238095,
      0.8095238095238095
    ],
    "test_precision": [
      0.8148148148148148,
      0.8441558441558441,
      0.8933333333333333,
      0.8441558441558441,
      0.863013698630137
    ],
    "test_recall": [
      0.8048780487804879,
      0.7926829268292683,
      0.8271604938271605,
      0.8024691358024691,
      0.7777777777777778
    ],
    "test_f1": [
      0.8098159509202454,
      0.8176100628930818,
      0.8589743589743589,
      0.8227848101265823,
      0.8181818181818182
    ]
  }
}